"LOCATION","INDICATOR","SUBJECT","MEASURE","FREQUENCY","TIME","Value","Flag Codes"
"EA19","CCI","AMPLITUD","LTRENDIDX","M","1973-01",105.0813,
"EA19","CCI","AMPLITUD","LTRENDIDX","M","1973-02",104.4808,
"EA19","CCI","AMPLITUD","LTRENDIDX","M","1973-03",103.7903,
"EA19","CCI","AMPLITUD","LTRENDIDX","M","1973-04",103.0882,
"EA19","CCI","AMPLITUD","LTRENDIDX","M","1973-05",102.5769,
"EA19","CCI","AMPLITUD","LTRENDIDX","M","1973-06",102.3369,
"EA19","CCI","AMPLITUD","LTRENDIDX","M","1973-07",102.2589,
"EA19","CCI","AMPLITUD","LTRENDIDX","M","1973-08",102.2076,
"EA19","CCI","AMPLITUD","LTRENDIDX","M","1973-09",102.0827,
"EA19","CCI","AMPLITUD","LTRENDIDX","M","1973-10",101.7291,
"EA19","CCI","AMPLITUD","LTRENDIDX","M","1973-11",101.0256,
"EA19","CCI","AMPLITUD","LTRENDIDX","M","1973-12",100.1001,
"EA19","CCI","AMPLITUD","LTRENDIDX","M","1974-01",99.25897,
"EA19","CCI","AMPLITUD","LTRENDIDX","M","1974-02",98.93261,
"EA19","CCI","AMPLITUD","LTRENDIDX","M","1974-03",98.9438,
"EA19","CCI","AMPLITUD","LTRENDIDX","M","1974-04",99.11739,
"EA19","CCI","AMPLITUD","LTRENDIDX","M","1974-05",99.19073,
"EA19","CCI","AMPLITUD","LTRENDIDX","M","1974-06",99.05547,
"EA19","CCI","AMPLITUD","LTRENDIDX","M","1974-07",98.77688,
"EA19","CCI","AMPLITUD","LTRENDIDX","M","1974-08",98.47113,
"EA19","CCI","AMPLITUD","LTRENDIDX","M","1974-09",98.19727,
"EA19","CCI","AMPLITUD","LTRENDIDX","M","1974-10",98.02036,
"EA19","CCI","AMPLITUD","LTRENDIDX","M","1974-11",98.07764,
"EA19","CCI","AMPLITUD","LTRENDIDX","M","1974-12",98.30959,
"EA19","CCI","AMPLITUD","LTRENDIDX","M","1975-01",98.66025,
"EA19","CCI","AMPLITUD","LTRENDIDX","M","1975-02",99.01379,
"EA19","CCI","AMPLITUD","LTRENDIDX","M","1975-03",99.31351,
"EA19","CCI","AMPLITUD","LTRENDIDX","M","1975-04",99.57562,
"EA19","CCI","AMPLITUD","LTRENDIDX","M","1975-05",99.76382,
"EA19","CCI","AMPLITUD","LTRENDIDX","M","1975-06",99.81077,
"EA19","CCI","AMPLITUD","LTRENDIDX","M","1975-07",99.81588,
"EA19","CCI","AMPLITUD","LTRENDIDX","M","1975-08",99.79583,
"EA19","CCI","AMPLITUD","LTRENDIDX","M","1975-09",99.80876,
"EA19","CCI","AMPLITUD","LTRENDIDX","M","1975-10",99.97816,
"EA19","CCI","AMPLITUD","LTRENDIDX","M","1975-11",100.3981,
"EA19","CCI","AMPLITUD","LTRENDIDX","M","1975-12",100.992,
"EA19","CCI","AMPLITUD","LTRENDIDX","M","1976-01",101.5445,
"EA19","CCI","AMPLITUD","LTRENDIDX","M","1976-02",101.8174,
"EA19","CCI","AMPLITUD","LTRENDIDX","M","1976-03",101.8408,
"EA19","CCI","AMPLITUD","LTRENDIDX","M","1976-04",101.7488,
"EA19","CCI","AMPLITUD","LTRENDIDX","M","1976-05",101.6513,
"EA19","CCI","AMPLITUD","LTRENDIDX","M","1976-06",101.589,
"EA19","CCI","AMPLITUD","LTRENDIDX","M","1976-07",101.5404,
"EA19","CCI","AMPLITUD","LTRENDIDX","M","1976-08",101.4997,
"EA19","CCI","AMPLITUD","LTRENDIDX","M","1976-09",101.4764,
"EA19","CCI","AMPLITUD","LTRENDIDX","M","1976-10",101.4661,
"EA19","CCI","AMPLITUD","LTRENDIDX","M","1976-11",101.5239,
"EA19","CCI","AMPLITUD","LTRENDIDX","M","1976-12",101.609,
"EA19","CCI","AMPLITUD","LTRENDIDX","M","1977-01",101.6526,
"EA19","CCI","AMPLITUD","LTRENDIDX","M","1977-02",101.5051,
"EA19","CCI","AMPLITUD","LTRENDIDX","M","1977-03",101.1624,
"EA19","CCI","AMPLITUD","LTRENDIDX","M","1977-04",100.7157,
"EA19","CCI","AMPLITUD","LTRENDIDX","M","1977-05",100.4349,
"EA19","CCI","AMPLITUD","LTRENDIDX","M","1977-06",100.4671,
"EA19","CCI","AMPLITUD","LTRENDIDX","M","1977-07",100.7033,
"EA19","CCI","AMPLITUD","LTRENDIDX","M","1977-08",100.9614,
"EA19","CCI","AMPLITUD","LTRENDIDX","M","1977-09",101.2358,
"EA19","CCI","AMPLITUD","LTRENDIDX","M","1977-10",101.5135,
"EA19","CCI","AMPLITUD","LTRENDIDX","M","1977-11",101.738,
"EA19","CCI","AMPLITUD","LTRENDIDX","M","1977-12",101.9206,
"EA19","CCI","AMPLITUD","LTRENDIDX","M","1978-01",102.0242,
"EA19","CCI","AMPLITUD","LTRENDIDX","M","1978-02",102.0606,
"EA19","CCI","AMPLITUD","LTRENDIDX","M","1978-03",102.0622,
"EA19","CCI","AMPLITUD","LTRENDIDX","M","1978-04",102.0736,
"EA19","CCI","AMPLITUD","LTRENDIDX","M","1978-05",102.1549,
"EA19","CCI","AMPLITUD","LTRENDIDX","M","1978-06",102.3085,
"EA19","CCI","AMPLITUD","LTRENDIDX","M","1978-07",102.51,
"EA19","CCI","AMPLITUD","LTRENDIDX","M","1978-08",102.7612,
"EA19","CCI","AMPLITUD","LTRENDIDX","M","1978-09",103.0324,
"EA19","CCI","AMPLITUD","LTRENDIDX","M","1978-10",103.202,
"EA19","CCI","AMPLITUD","LTRENDIDX","M","1978-11",103.2535,
"EA19","CCI","AMPLITUD","LTRENDIDX","M","1978-12",103.1795,
"EA19","CCI","AMPLITUD","LTRENDIDX","M","1979-01",103.0304,
"EA19","CCI","AMPLITUD","LTRENDIDX","M","1979-02",102.863,
"EA19","CCI","AMPLITUD","LTRENDIDX","M","1979-03",102.699,
"EA19","CCI","AMPLITUD","LTRENDIDX","M","1979-04",102.4828,
"EA19","CCI","AMPLITUD","LTRENDIDX","M","1979-05",102.23,
"EA19","CCI","AMPLITUD","LTRENDIDX","M","1979-06",101.9775,
"EA19","CCI","AMPLITUD","LTRENDIDX","M","1979-07",101.7628,
"EA19","CCI","AMPLITUD","LTRENDIDX","M","1979-08",101.549,
"EA19","CCI","AMPLITUD","LTRENDIDX","M","1979-09",101.3034,
"EA19","CCI","AMPLITUD","LTRENDIDX","M","1979-10",101.0212,
"EA19","CCI","AMPLITUD","LTRENDIDX","M","1979-11",100.6658,
"EA19","CCI","AMPLITUD","LTRENDIDX","M","1979-12",100.2107,
"EA19","CCI","AMPLITUD","LTRENDIDX","M","1980-01",99.69946,
"EA19","CCI","AMPLITUD","LTRENDIDX","M","1980-02",99.40896,
"EA19","CCI","AMPLITUD","LTRENDIDX","M","1980-03",99.27758,
"EA19","CCI","AMPLITUD","LTRENDIDX","M","1980-04",99.21016,
"EA19","CCI","AMPLITUD","LTRENDIDX","M","1980-05",99.16407,
"EA19","CCI","AMPLITUD","LTRENDIDX","M","1980-06",99.05657,
"EA19","CCI","AMPLITUD","LTRENDIDX","M","1980-07",98.96333,
"EA19","CCI","AMPLITUD","LTRENDIDX","M","1980-08",98.89437,
"EA19","CCI","AMPLITUD","LTRENDIDX","M","1980-09",98.74387,
"EA19","CCI","AMPLITUD","LTRENDIDX","M","1980-10",98.45626,
"EA19","CCI","AMPLITUD","LTRENDIDX","M","1980-11",98.10629,
"EA19","CCI","AMPLITUD","LTRENDIDX","M","1980-12",97.82857,
"EA19","CCI","AMPLITUD","LTRENDIDX","M","1981-01",97.56081,
"EA19","CCI","AMPLITUD","LTRENDIDX","M","1981-02",97.26046,
"EA19","CCI","AMPLITUD","LTRENDIDX","M","1981-03",97.00782,
"EA19","CCI","AMPLITUD","LTRENDIDX","M","1981-04",96.8769,
"EA19","CCI","AMPLITUD","LTRENDIDX","M","1981-05",96.80721,
"EA19","CCI","AMPLITUD","LTRENDIDX","M","1981-06",96.67105,
"EA19","CCI","AMPLITUD","LTRENDIDX","M","1981-07",96.51803,
"EA19","CCI","AMPLITUD","LTRENDIDX","M","1981-08",96.3409,
"EA19","CCI","AMPLITUD","LTRENDIDX","M","1981-09",96.35133,
"EA19","CCI","AMPLITUD","LTRENDIDX","M","1981-10",96.49571,
"EA19","CCI","AMPLITUD","LTRENDIDX","M","1981-11",96.67788,
"EA19","CCI","AMPLITUD","LTRENDIDX","M","1981-12",96.9463,
"EA19","CCI","AMPLITUD","LTRENDIDX","M","1982-01",97.27418,
"EA19","CCI","AMPLITUD","LTRENDIDX","M","1982-02",97.55251,
"EA19","CCI","AMPLITUD","LTRENDIDX","M","1982-03",97.8147,
"EA19","CCI","AMPLITUD","LTRENDIDX","M","1982-04",98.01464,
"EA19","CCI","AMPLITUD","LTRENDIDX","M","1982-05",98.07506,
"EA19","CCI","AMPLITUD","LTRENDIDX","M","1982-06",97.83992,
"EA19","CCI","AMPLITUD","LTRENDIDX","M","1982-07",97.3269,
"EA19","CCI","AMPLITUD","LTRENDIDX","M","1982-08",96.82773,
"EA19","CCI","AMPLITUD","LTRENDIDX","M","1982-09",96.4053,
"EA19","CCI","AMPLITUD","LTRENDIDX","M","1982-10",96.15867,
"EA19","CCI","AMPLITUD","LTRENDIDX","M","1982-11",96.10757,
"EA19","CCI","AMPLITUD","LTRENDIDX","M","1982-12",96.25981,
"EA19","CCI","AMPLITUD","LTRENDIDX","M","1983-01",96.70875,
"EA19","CCI","AMPLITUD","LTRENDIDX","M","1983-02",97.30644,
"EA19","CCI","AMPLITUD","LTRENDIDX","M","1983-03",97.8534,
"EA19","CCI","AMPLITUD","LTRENDIDX","M","1983-04",98.04166,
"EA19","CCI","AMPLITUD","LTRENDIDX","M","1983-05",97.98479,
"EA19","CCI","AMPLITUD","LTRENDIDX","M","1983-06",97.92361,
"EA19","CCI","AMPLITUD","LTRENDIDX","M","1983-07",97.90068,
"EA19","CCI","AMPLITUD","LTRENDIDX","M","1983-08",97.89545,
"EA19","CCI","AMPLITUD","LTRENDIDX","M","1983-09",97.83566,
"EA19","CCI","AMPLITUD","LTRENDIDX","M","1983-10",97.84393,
"EA19","CCI","AMPLITUD","LTRENDIDX","M","1983-11",98.01337,
"EA19","CCI","AMPLITUD","LTRENDIDX","M","1983-12",98.22779,
"EA19","CCI","AMPLITUD","LTRENDIDX","M","1984-01",98.35439,
"EA19","CCI","AMPLITUD","LTRENDIDX","M","1984-02",98.25379,
"EA19","CCI","AMPLITUD","LTRENDIDX","M","1984-03",98.04638,
"EA19","CCI","AMPLITUD","LTRENDIDX","M","1984-04",97.83936,
"EA19","CCI","AMPLITUD","LTRENDIDX","M","1984-05",97.7283,
"EA19","CCI","AMPLITUD","LTRENDIDX","M","1984-06",97.70692,
"EA19","CCI","AMPLITUD","LTRENDIDX","M","1984-07",97.90661,
"EA19","CCI","AMPLITUD","LTRENDIDX","M","1984-08",98.17049,
"EA19","CCI","AMPLITUD","LTRENDIDX","M","1984-09",98.40668,
"EA19","CCI","AMPLITUD","LTRENDIDX","M","1984-10",98.53504,
"EA19","CCI","AMPLITUD","LTRENDIDX","M","1984-11",98.70174,
"EA19","CCI","AMPLITUD","LTRENDIDX","M","1984-12",98.95171,
"EA19","CCI","AMPLITUD","LTRENDIDX","M","1985-01",99.29048,
"EA19","CCI","AMPLITUD","LTRENDIDX","M","1985-02",99.46479,
"EA19","CCI","AMPLITUD","LTRENDIDX","M","1985-03",99.53416,
"EA19","CCI","AMPLITUD","LTRENDIDX","M","1985-04",99.63409,
"EA19","CCI","AMPLITUD","LTRENDIDX","M","1985-05",99.71914,
"EA19","CCI","AMPLITUD","LTRENDIDX","M","1985-06",99.77556,
"EA19","CCI","AMPLITUD","LTRENDIDX","M","1985-07",99.83001,
"EA19","CCI","AMPLITUD","LTRENDIDX","M","1985-08",99.89318,
"EA19","CCI","AMPLITUD","LTRENDIDX","M","1985-09",100.0303,
"EA19","CCI","AMPLITUD","LTRENDIDX","M","1985-10",100.298,
"EA19","CCI","AMPLITUD","LTRENDIDX","M","1985-11",100.5448,
"EA19","CCI","AMPLITUD","LTRENDIDX","M","1985-12",100.7681,
"EA19","CCI","AMPLITUD","LTRENDIDX","M","1986-01",101.0555,
"EA19","CCI","AMPLITUD","LTRENDIDX","M","1986-02",101.3299,
"EA19","CCI","AMPLITUD","LTRENDIDX","M","1986-03",101.5309,
"EA19","CCI","AMPLITUD","LTRENDIDX","M","1986-04",101.6219,
"EA19","CCI","AMPLITUD","LTRENDIDX","M","1986-05",101.7014,
"EA19","CCI","AMPLITUD","LTRENDIDX","M","1986-06",101.7874,
"EA19","CCI","AMPLITUD","LTRENDIDX","M","1986-07",101.8622,
"EA19","CCI","AMPLITUD","LTRENDIDX","M","1986-08",101.9124,
"EA19","CCI","AMPLITUD","LTRENDIDX","M","1986-09",101.8846,
"EA19","CCI","AMPLITUD","LTRENDIDX","M","1986-10",101.8232,
"EA19","CCI","AMPLITUD","LTRENDIDX","M","1986-11",101.7415,
"EA19","CCI","AMPLITUD","LTRENDIDX","M","1986-12",101.6208,
"EA19","CCI","AMPLITUD","LTRENDIDX","M","1987-01",101.4611,
"EA19","CCI","AMPLITUD","LTRENDIDX","M","1987-02",101.3388,
"EA19","CCI","AMPLITUD","LTRENDIDX","M","1987-03",101.2855,
"EA19","CCI","AMPLITUD","LTRENDIDX","M","1987-04",101.2538,
"EA19","CCI","AMPLITUD","LTRENDIDX","M","1987-05",101.2329,
"EA19","CCI","AMPLITUD","LTRENDIDX","M","1987-06",101.2185,
"EA19","CCI","AMPLITUD","LTRENDIDX","M","1987-07",101.233,
"EA19","CCI","AMPLITUD","LTRENDIDX","M","1987-08",101.2462,
"EA19","CCI","AMPLITUD","LTRENDIDX","M","1987-09",101.2551,
"EA19","CCI","AMPLITUD","LTRENDIDX","M","1987-10",101.1451,
"EA19","CCI","AMPLITUD","LTRENDIDX","M","1987-11",101.0252,
"EA19","CCI","AMPLITUD","LTRENDIDX","M","1987-12",100.9632,
"EA19","CCI","AMPLITUD","LTRENDIDX","M","1988-01",100.9173,
"EA19","CCI","AMPLITUD","LTRENDIDX","M","1988-02",100.9864,
"EA19","CCI","AMPLITUD","LTRENDIDX","M","1988-03",101.1431,
"EA19","CCI","AMPLITUD","LTRENDIDX","M","1988-04",101.3206,
"EA19","CCI","AMPLITUD","LTRENDIDX","M","1988-05",101.4442,
"EA19","CCI","AMPLITUD","LTRENDIDX","M","1988-06",101.5345,
"EA19","CCI","AMPLITUD","LTRENDIDX","M","1988-07",101.6152,
"EA19","CCI","AMPLITUD","LTRENDIDX","M","1988-08",101.7482,
"EA19","CCI","AMPLITUD","LTRENDIDX","M","1988-09",101.8899,
"EA19","CCI","AMPLITUD","LTRENDIDX","M","1988-10",102.0396,
"EA19","CCI","AMPLITUD","LTRENDIDX","M","1988-11",102.1605,
"EA19","CCI","AMPLITUD","LTRENDIDX","M","1988-12",102.1551,
"EA19","CCI","AMPLITUD","LTRENDIDX","M","1989-01",102.0253,
"EA19","CCI","AMPLITUD","LTRENDIDX","M","1989-02",101.8781,
"EA19","CCI","AMPLITUD","LTRENDIDX","M","1989-03",101.7738,
"EA19","CCI","AMPLITUD","LTRENDIDX","M","1989-04",101.7483,
"EA19","CCI","AMPLITUD","LTRENDIDX","M","1989-05",101.8552,
"EA19","CCI","AMPLITUD","LTRENDIDX","M","1989-06",102.0658,
"EA19","CCI","AMPLITUD","LTRENDIDX","M","1989-07",102.2247,
"EA19","CCI","AMPLITUD","LTRENDIDX","M","1989-08",102.2771,
"EA19","CCI","AMPLITUD","LTRENDIDX","M","1989-09",102.2976,
"EA19","CCI","AMPLITUD","LTRENDIDX","M","1989-10",102.3121,
"EA19","CCI","AMPLITUD","LTRENDIDX","M","1989-11",102.3717,
"EA19","CCI","AMPLITUD","LTRENDIDX","M","1989-12",102.4443,
"EA19","CCI","AMPLITUD","LTRENDIDX","M","1990-01",102.4485,
"EA19","CCI","AMPLITUD","LTRENDIDX","M","1990-02",102.4313,
"EA19","CCI","AMPLITUD","LTRENDIDX","M","1990-03",102.4076,
"EA19","CCI","AMPLITUD","LTRENDIDX","M","1990-04",102.4397,
"EA19","CCI","AMPLITUD","LTRENDIDX","M","1990-05",102.4737,
"EA19","CCI","AMPLITUD","LTRENDIDX","M","1990-06",102.4635,
"EA19","CCI","AMPLITUD","LTRENDIDX","M","1990-07",102.3057,
"EA19","CCI","AMPLITUD","LTRENDIDX","M","1990-08",101.8812,
"EA19","CCI","AMPLITUD","LTRENDIDX","M","1990-09",101.2438,
"EA19","CCI","AMPLITUD","LTRENDIDX","M","1990-10",100.8574,
"EA19","CCI","AMPLITUD","LTRENDIDX","M","1990-11",100.7332,
"EA19","CCI","AMPLITUD","LTRENDIDX","M","1990-12",100.5971,
"EA19","CCI","AMPLITUD","LTRENDIDX","M","1991-01",100.3581,
"EA19","CCI","AMPLITUD","LTRENDIDX","M","1991-02",100.3066,
"EA19","CCI","AMPLITUD","LTRENDIDX","M","1991-03",100.4779,
"EA19","CCI","AMPLITUD","LTRENDIDX","M","1991-04",100.5796,
"EA19","CCI","AMPLITUD","LTRENDIDX","M","1991-05",100.5696,
"EA19","CCI","AMPLITUD","LTRENDIDX","M","1991-06",100.3357,
"EA19","CCI","AMPLITUD","LTRENDIDX","M","1991-07",100.0186,
"EA19","CCI","AMPLITUD","LTRENDIDX","M","1991-08",99.87064,
"EA19","CCI","AMPLITUD","LTRENDIDX","M","1991-09",99.91608,
"EA19","CCI","AMPLITUD","LTRENDIDX","M","1991-10",99.91196,
"EA19","CCI","AMPLITUD","LTRENDIDX","M","1991-11",99.86509,
"EA19","CCI","AMPLITUD","LTRENDIDX","M","1991-12",99.81741,
"EA19","CCI","AMPLITUD","LTRENDIDX","M","1992-01",99.79913,
"EA19","CCI","AMPLITUD","LTRENDIDX","M","1992-02",99.78258,
"EA19","CCI","AMPLITUD","LTRENDIDX","M","1992-03",99.63798,
"EA19","CCI","AMPLITUD","LTRENDIDX","M","1992-04",99.43136,
"EA19","CCI","AMPLITUD","LTRENDIDX","M","1992-05",99.28781,
"EA19","CCI","AMPLITUD","LTRENDIDX","M","1992-06",99.22303,
"EA19","CCI","AMPLITUD","LTRENDIDX","M","1992-07",99.16184,
"EA19","CCI","AMPLITUD","LTRENDIDX","M","1992-08",98.97173,
"EA19","CCI","AMPLITUD","LTRENDIDX","M","1992-09",98.64909,
"EA19","CCI","AMPLITUD","LTRENDIDX","M","1992-10",98.2592,
"EA19","CCI","AMPLITUD","LTRENDIDX","M","1992-11",97.88387,
"EA19","CCI","AMPLITUD","LTRENDIDX","M","1992-12",97.60496,
"EA19","CCI","AMPLITUD","LTRENDIDX","M","1993-01",97.47341,
"EA19","CCI","AMPLITUD","LTRENDIDX","M","1993-02",97.41306,
"EA19","CCI","AMPLITUD","LTRENDIDX","M","1993-03",97.38345,
"EA19","CCI","AMPLITUD","LTRENDIDX","M","1993-04",97.44019,
"EA19","CCI","AMPLITUD","LTRENDIDX","M","1993-05",97.38943,
"EA19","CCI","AMPLITUD","LTRENDIDX","M","1993-06",97.23134,
"EA19","CCI","AMPLITUD","LTRENDIDX","M","1993-07",97.17949,
"EA19","CCI","AMPLITUD","LTRENDIDX","M","1993-08",97.25642,
"EA19","CCI","AMPLITUD","LTRENDIDX","M","1993-09",97.3767,
"EA19","CCI","AMPLITUD","LTRENDIDX","M","1993-10",97.39501,
"EA19","CCI","AMPLITUD","LTRENDIDX","M","1993-11",97.39222,
"EA19","CCI","AMPLITUD","LTRENDIDX","M","1993-12",97.53206,
"EA19","CCI","AMPLITUD","LTRENDIDX","M","1994-01",97.78257,
"EA19","CCI","AMPLITUD","LTRENDIDX","M","1994-02",98.12011,
"EA19","CCI","AMPLITUD","LTRENDIDX","M","1994-03",98.5289,
"EA19","CCI","AMPLITUD","LTRENDIDX","M","1994-04",99.03854,
"EA19","CCI","AMPLITUD","LTRENDIDX","M","1994-05",99.5965,
"EA19","CCI","AMPLITUD","LTRENDIDX","M","1994-06",100.0899,
"EA19","CCI","AMPLITUD","LTRENDIDX","M","1994-07",100.4439,
"EA19","CCI","AMPLITUD","LTRENDIDX","M","1994-08",100.7534,
"EA19","CCI","AMPLITUD","LTRENDIDX","M","1994-09",101.0228,
"EA19","CCI","AMPLITUD","LTRENDIDX","M","1994-10",101.1693,
"EA19","CCI","AMPLITUD","LTRENDIDX","M","1994-11",101.1907,
"EA19","CCI","AMPLITUD","LTRENDIDX","M","1994-12",101.1441,
"EA19","CCI","AMPLITUD","LTRENDIDX","M","1995-01",101.0935,
"EA19","CCI","AMPLITUD","LTRENDIDX","M","1995-02",100.9685,
"EA19","CCI","AMPLITUD","LTRENDIDX","M","1995-03",100.8335,
"EA19","CCI","AMPLITUD","LTRENDIDX","M","1995-04",100.7634,
"EA19","CCI","AMPLITUD","LTRENDIDX","M","1995-05",100.7591,
"EA19","CCI","AMPLITUD","LTRENDIDX","M","1995-06",100.7554,
"EA19","CCI","AMPLITUD","LTRENDIDX","M","1995-07",100.6877,
"EA19","CCI","AMPLITUD","LTRENDIDX","M","1995-08",100.5583,
"EA19","CCI","AMPLITUD","LTRENDIDX","M","1995-09",100.3791,
"EA19","CCI","AMPLITUD","LTRENDIDX","M","1995-10",100.2069,
"EA19","CCI","AMPLITUD","LTRENDIDX","M","1995-11",100.0419,
"EA19","CCI","AMPLITUD","LTRENDIDX","M","1995-12",99.84316,
"EA19","CCI","AMPLITUD","LTRENDIDX","M","1996-01",99.66249,
"EA19","CCI","AMPLITUD","LTRENDIDX","M","1996-02",99.46812,
"EA19","CCI","AMPLITUD","LTRENDIDX","M","1996-03",99.29404,
"EA19","CCI","AMPLITUD","LTRENDIDX","M","1996-04",99.09068,
"EA19","CCI","AMPLITUD","LTRENDIDX","M","1996-05",98.96133,
"EA19","CCI","AMPLITUD","LTRENDIDX","M","1996-06",98.89685,
"EA19","CCI","AMPLITUD","LTRENDIDX","M","1996-07",98.8736,
"EA19","CCI","AMPLITUD","LTRENDIDX","M","1996-08",98.91801,
"EA19","CCI","AMPLITUD","LTRENDIDX","M","1996-09",98.97354,
"EA19","CCI","AMPLITUD","LTRENDIDX","M","1996-10",99.0438,
"EA19","CCI","AMPLITUD","LTRENDIDX","M","1996-11",99.13699,
"EA19","CCI","AMPLITUD","LTRENDIDX","M","1996-12",99.28946,
"EA19","CCI","AMPLITUD","LTRENDIDX","M","1997-01",99.44119,
"EA19","CCI","AMPLITUD","LTRENDIDX","M","1997-02",99.4397,
"EA19","CCI","AMPLITUD","LTRENDIDX","M","1997-03",99.38834,
"EA19","CCI","AMPLITUD","LTRENDIDX","M","1997-04",99.33521,
"EA19","CCI","AMPLITUD","LTRENDIDX","M","1997-05",99.35587,
"EA19","CCI","AMPLITUD","LTRENDIDX","M","1997-06",99.51259,
"EA19","CCI","AMPLITUD","LTRENDIDX","M","1997-07",99.77124,
"EA19","CCI","AMPLITUD","LTRENDIDX","M","1997-08",100.0634,
"EA19","CCI","AMPLITUD","LTRENDIDX","M","1997-09",100.3401,
"EA19","CCI","AMPLITUD","LTRENDIDX","M","1997-10",100.5613,
"EA19","CCI","AMPLITUD","LTRENDIDX","M","1997-11",100.7313,
"EA19","CCI","AMPLITUD","LTRENDIDX","M","1997-12",100.8344,
"EA19","CCI","AMPLITUD","LTRENDIDX","M","1998-01",100.9457,
"EA19","CCI","AMPLITUD","LTRENDIDX","M","1998-02",101.0967,
"EA19","CCI","AMPLITUD","LTRENDIDX","M","1998-03",101.2272,
"EA19","CCI","AMPLITUD","LTRENDIDX","M","1998-04",101.2522,
"EA19","CCI","AMPLITUD","LTRENDIDX","M","1998-05",101.2758,
"EA19","CCI","AMPLITUD","LTRENDIDX","M","1998-06",101.3471,
"EA19","CCI","AMPLITUD","LTRENDIDX","M","1998-07",101.4995,
"EA19","CCI","AMPLITUD","LTRENDIDX","M","1998-08",101.5851,
"EA19","CCI","AMPLITUD","LTRENDIDX","M","1998-09",101.7169,
"EA19","CCI","AMPLITUD","LTRENDIDX","M","1998-10",101.9322,
"EA19","CCI","AMPLITUD","LTRENDIDX","M","1998-11",102.1243,
"EA19","CCI","AMPLITUD","LTRENDIDX","M","1998-12",102.2328,
"EA19","CCI","AMPLITUD","LTRENDIDX","M","1999-01",102.2706,
"EA19","CCI","AMPLITUD","LTRENDIDX","M","1999-02",102.184,
"EA19","CCI","AMPLITUD","LTRENDIDX","M","1999-03",101.9401,
"EA19","CCI","AMPLITUD","LTRENDIDX","M","1999-04",101.6756,
"EA19","CCI","AMPLITUD","LTRENDIDX","M","1999-05",101.4724,
"EA19","CCI","AMPLITUD","LTRENDIDX","M","1999-06",101.4027,
"EA19","CCI","AMPLITUD","LTRENDIDX","M","1999-07",101.4203,
"EA19","CCI","AMPLITUD","LTRENDIDX","M","1999-08",101.4921,
"EA19","CCI","AMPLITUD","LTRENDIDX","M","1999-09",101.6435,
"EA19","CCI","AMPLITUD","LTRENDIDX","M","1999-10",101.8867,
"EA19","CCI","AMPLITUD","LTRENDIDX","M","1999-11",102.1001,
"EA19","CCI","AMPLITUD","LTRENDIDX","M","1999-12",102.2852,
"EA19","CCI","AMPLITUD","LTRENDIDX","M","2000-01",102.4474,
"EA19","CCI","AMPLITUD","LTRENDIDX","M","2000-02",102.5672,
"EA19","CCI","AMPLITUD","LTRENDIDX","M","2000-03",102.6561,
"EA19","CCI","AMPLITUD","LTRENDIDX","M","2000-04",102.7,
"EA19","CCI","AMPLITUD","LTRENDIDX","M","2000-05",102.6638,
"EA19","CCI","AMPLITUD","LTRENDIDX","M","2000-06",102.5413,
"EA19","CCI","AMPLITUD","LTRENDIDX","M","2000-07",102.4226,
"EA19","CCI","AMPLITUD","LTRENDIDX","M","2000-08",102.2416,
"EA19","CCI","AMPLITUD","LTRENDIDX","M","2000-09",101.9887,
"EA19","CCI","AMPLITUD","LTRENDIDX","M","2000-10",101.9224,
"EA19","CCI","AMPLITUD","LTRENDIDX","M","2000-11",102.0103,
"EA19","CCI","AMPLITUD","LTRENDIDX","M","2000-12",102.1199,
"EA19","CCI","AMPLITUD","LTRENDIDX","M","2001-01",102.1496,
"EA19","CCI","AMPLITUD","LTRENDIDX","M","2001-02",102.107,
"EA19","CCI","AMPLITUD","LTRENDIDX","M","2001-03",102.0473,
"EA19","CCI","AMPLITUD","LTRENDIDX","M","2001-04",101.929,
"EA19","CCI","AMPLITUD","LTRENDIDX","M","2001-05",101.7355,
"EA19","CCI","AMPLITUD","LTRENDIDX","M","2001-06",101.5,
"EA19","CCI","AMPLITUD","LTRENDIDX","M","2001-07",101.2491,
"EA19","CCI","AMPLITUD","LTRENDIDX","M","2001-08",101.0191,
"EA19","CCI","AMPLITUD","LTRENDIDX","M","2001-09",100.8262,
"EA19","CCI","AMPLITUD","LTRENDIDX","M","2001-10",100.6456,
"EA19","CCI","AMPLITUD","LTRENDIDX","M","2001-11",100.5425,
"EA19","CCI","AMPLITUD","LTRENDIDX","M","2001-12",100.5714,
"EA19","CCI","AMPLITUD","LTRENDIDX","M","2002-01",100.6288,
"EA19","CCI","AMPLITUD","LTRENDIDX","M","2002-02",100.6747,
"EA19","CCI","AMPLITUD","LTRENDIDX","M","2002-03",100.6749,
"EA19","CCI","AMPLITUD","LTRENDIDX","M","2002-04",100.6176,
"EA19","CCI","AMPLITUD","LTRENDIDX","M","2002-05",100.5447,
"EA19","CCI","AMPLITUD","LTRENDIDX","M","2002-06",100.4216,
"EA19","CCI","AMPLITUD","LTRENDIDX","M","2002-07",100.2723,
"EA19","CCI","AMPLITUD","LTRENDIDX","M","2002-08",100.1153,
"EA19","CCI","AMPLITUD","LTRENDIDX","M","2002-09",99.95647,
"EA19","CCI","AMPLITUD","LTRENDIDX","M","2002-10",99.63335,
"EA19","CCI","AMPLITUD","LTRENDIDX","M","2002-11",99.19297,
"EA19","CCI","AMPLITUD","LTRENDIDX","M","2002-12",98.74601,
"EA19","CCI","AMPLITUD","LTRENDIDX","M","2003-01",98.40717,
"EA19","CCI","AMPLITUD","LTRENDIDX","M","2003-02",98.21069,
"EA19","CCI","AMPLITUD","LTRENDIDX","M","2003-03",98.16795,
"EA19","CCI","AMPLITUD","LTRENDIDX","M","2003-04",98.33892,
"EA19","CCI","AMPLITUD","LTRENDIDX","M","2003-05",98.56231,
"EA19","CCI","AMPLITUD","LTRENDIDX","M","2003-06",98.78469,
"EA19","CCI","AMPLITUD","LTRENDIDX","M","2003-07",98.89967,
"EA19","CCI","AMPLITUD","LTRENDIDX","M","2003-08",98.96302,
"EA19","CCI","AMPLITUD","LTRENDIDX","M","2003-09",99.04654,
"EA19","CCI","AMPLITUD","LTRENDIDX","M","2003-10",99.1121,
"EA19","CCI","AMPLITUD","LTRENDIDX","M","2003-11",99.17823,
"EA19","CCI","AMPLITUD","LTRENDIDX","M","2003-12",99.19202,
"EA19","CCI","AMPLITUD","LTRENDIDX","M","2004-01",99.21305,
"EA19","CCI","AMPLITUD","LTRENDIDX","M","2004-02",99.30582,
"EA19","CCI","AMPLITUD","LTRENDIDX","M","2004-03",99.36243,
"EA19","CCI","AMPLITUD","LTRENDIDX","M","2004-04",99.35365,
"EA19","CCI","AMPLITUD","LTRENDIDX","M","2004-05",99.33485,
"EA19","CCI","AMPLITUD","LTRENDIDX","M","2004-06",99.36094,
"EA19","CCI","AMPLITUD","LTRENDIDX","M","2004-07",99.41147,
"EA19","CCI","AMPLITUD","LTRENDIDX","M","2004-08",99.52077,
"EA19","CCI","AMPLITUD","LTRENDIDX","M","2004-09",99.63367,
"EA19","CCI","AMPLITUD","LTRENDIDX","M","2004-10",99.68375,
"EA19","CCI","AMPLITUD","LTRENDIDX","M","2004-11",99.69923,
"EA19","CCI","AMPLITUD","LTRENDIDX","M","2004-12",99.75287,
"EA19","CCI","AMPLITUD","LTRENDIDX","M","2005-01",99.82146,
"EA19","CCI","AMPLITUD","LTRENDIDX","M","2005-02",99.85723,
"EA19","CCI","AMPLITUD","LTRENDIDX","M","2005-03",99.81303,
"EA19","CCI","AMPLITUD","LTRENDIDX","M","2005-04",99.66906,
"EA19","CCI","AMPLITUD","LTRENDIDX","M","2005-05",99.44581,
"EA19","CCI","AMPLITUD","LTRENDIDX","M","2005-06",99.28553,
"EA19","CCI","AMPLITUD","LTRENDIDX","M","2005-07",99.20664,
"EA19","CCI","AMPLITUD","LTRENDIDX","M","2005-08",99.23273,
"EA19","CCI","AMPLITUD","LTRENDIDX","M","2005-09",99.25266,
"EA19","CCI","AMPLITUD","LTRENDIDX","M","2005-10",99.30708,
"EA19","CCI","AMPLITUD","LTRENDIDX","M","2005-11",99.44342,
"EA19","CCI","AMPLITUD","LTRENDIDX","M","2005-12",99.69275,
"EA19","CCI","AMPLITUD","LTRENDIDX","M","2006-01",99.90217,
"EA19","CCI","AMPLITUD","LTRENDIDX","M","2006-02",100.0169,
"EA19","CCI","AMPLITUD","LTRENDIDX","M","2006-03",100.1207,
"EA19","CCI","AMPLITUD","LTRENDIDX","M","2006-04",100.2277,
"EA19","CCI","AMPLITUD","LTRENDIDX","M","2006-05",100.2723,
"EA19","CCI","AMPLITUD","LTRENDIDX","M","2006-06",100.2831,
"EA19","CCI","AMPLITUD","LTRENDIDX","M","2006-07",100.3387,
"EA19","CCI","AMPLITUD","LTRENDIDX","M","2006-08",100.4003,
"EA19","CCI","AMPLITUD","LTRENDIDX","M","2006-09",100.4753,
"EA19","CCI","AMPLITUD","LTRENDIDX","M","2006-10",100.5553,
"EA19","CCI","AMPLITUD","LTRENDIDX","M","2006-11",100.6665,
"EA19","CCI","AMPLITUD","LTRENDIDX","M","2006-12",100.7582,
"EA19","CCI","AMPLITUD","LTRENDIDX","M","2007-01",100.779,
"EA19","CCI","AMPLITUD","LTRENDIDX","M","2007-02",100.8666,
"EA19","CCI","AMPLITUD","LTRENDIDX","M","2007-03",101.0147,
"EA19","CCI","AMPLITUD","LTRENDIDX","M","2007-04",101.2038,
"EA19","CCI","AMPLITUD","LTRENDIDX","M","2007-05",101.4093,
"EA19","CCI","AMPLITUD","LTRENDIDX","M","2007-06",101.4754,
"EA19","CCI","AMPLITUD","LTRENDIDX","M","2007-07",101.3778,
"EA19","CCI","AMPLITUD","LTRENDIDX","M","2007-08",101.0956,
"EA19","CCI","AMPLITUD","LTRENDIDX","M","2007-09",100.7402,
"EA19","CCI","AMPLITUD","LTRENDIDX","M","2007-10",100.3682,
"EA19","CCI","AMPLITUD","LTRENDIDX","M","2007-11",99.93074,
"EA19","CCI","AMPLITUD","LTRENDIDX","M","2007-12",99.52071,
"EA19","CCI","AMPLITUD","LTRENDIDX","M","2008-01",99.15342,
"EA19","CCI","AMPLITUD","LTRENDIDX","M","2008-02",98.89552,
"EA19","CCI","AMPLITUD","LTRENDIDX","M","2008-03",98.66967,
"EA19","CCI","AMPLITUD","LTRENDIDX","M","2008-04",98.35612,
"EA19","CCI","AMPLITUD","LTRENDIDX","M","2008-05",97.89356,
"EA19","CCI","AMPLITUD","LTRENDIDX","M","2008-06",97.34262,
"EA19","CCI","AMPLITUD","LTRENDIDX","M","2008-07",96.97334,
"EA19","CCI","AMPLITUD","LTRENDIDX","M","2008-08",96.94094,
"EA19","CCI","AMPLITUD","LTRENDIDX","M","2008-09",96.9675,
"EA19","CCI","AMPLITUD","LTRENDIDX","M","2008-10",96.81191,
"EA19","CCI","AMPLITUD","LTRENDIDX","M","2008-11",96.61839,
"EA19","CCI","AMPLITUD","LTRENDIDX","M","2008-12",96.35321,
"EA19","CCI","AMPLITUD","LTRENDIDX","M","2009-01",96.15445,
"EA19","CCI","AMPLITUD","LTRENDIDX","M","2009-02",96.00333,
"EA19","CCI","AMPLITUD","LTRENDIDX","M","2009-03",96.04803,
"EA19","CCI","AMPLITUD","LTRENDIDX","M","2009-04",96.37968,
"EA19","CCI","AMPLITUD","LTRENDIDX","M","2009-05",96.86266,
"EA19","CCI","AMPLITUD","LTRENDIDX","M","2009-06",97.42809,
"EA19","CCI","AMPLITUD","LTRENDIDX","M","2009-07",97.96591,
"EA19","CCI","AMPLITUD","LTRENDIDX","M","2009-08",98.44711,
"EA19","CCI","AMPLITUD","LTRENDIDX","M","2009-09",98.91721,
"EA19","CCI","AMPLITUD","LTRENDIDX","M","2009-10",99.32765,
"EA19","CCI","AMPLITUD","LTRENDIDX","M","2009-11",99.59709,
"EA19","CCI","AMPLITUD","LTRENDIDX","M","2009-12",99.70098,
"EA19","CCI","AMPLITUD","LTRENDIDX","M","2010-01",99.65221,
"EA19","CCI","AMPLITUD","LTRENDIDX","M","2010-02",99.45977,
"EA19","CCI","AMPLITUD","LTRENDIDX","M","2010-03",99.23995,
"EA19","CCI","AMPLITUD","LTRENDIDX","M","2010-04",99.00252,
"EA19","CCI","AMPLITUD","LTRENDIDX","M","2010-05",98.71423,
"EA19","CCI","AMPLITUD","LTRENDIDX","M","2010-06",98.66131,
"EA19","CCI","AMPLITUD","LTRENDIDX","M","2010-07",98.86253,
"EA19","CCI","AMPLITUD","LTRENDIDX","M","2010-08",99.12215,
"EA19","CCI","AMPLITUD","LTRENDIDX","M","2010-09",99.26632,
"EA19","CCI","AMPLITUD","LTRENDIDX","M","2010-10",99.35224,
"EA19","CCI","AMPLITUD","LTRENDIDX","M","2010-11",99.43027,
"EA19","CCI","AMPLITUD","LTRENDIDX","M","2010-12",99.39544,
"EA19","CCI","AMPLITUD","LTRENDIDX","M","2011-01",99.34708,
"EA19","CCI","AMPLITUD","LTRENDIDX","M","2011-02",99.31105,
"EA19","CCI","AMPLITUD","LTRENDIDX","M","2011-03",99.16306,
"EA19","CCI","AMPLITUD","LTRENDIDX","M","2011-04",98.97727,
"EA19","CCI","AMPLITUD","LTRENDIDX","M","2011-05",98.92427,
"EA19","CCI","AMPLITUD","LTRENDIDX","M","2011-06",98.89419,
"EA19","CCI","AMPLITUD","LTRENDIDX","M","2011-07",98.64354,
"EA19","CCI","AMPLITUD","LTRENDIDX","M","2011-08",98.13779,
"EA19","CCI","AMPLITUD","LTRENDIDX","M","2011-09",97.67704,
"EA19","CCI","AMPLITUD","LTRENDIDX","M","2011-10",97.40156,
"EA19","CCI","AMPLITUD","LTRENDIDX","M","2011-11",97.31496,
"EA19","CCI","AMPLITUD","LTRENDIDX","M","2011-12",97.3096,
"EA19","CCI","AMPLITUD","LTRENDIDX","M","2012-01",97.4095,
"EA19","CCI","AMPLITUD","LTRENDIDX","M","2012-02",97.58812,
"EA19","CCI","AMPLITUD","LTRENDIDX","M","2012-03",97.69977,
"EA19","CCI","AMPLITUD","LTRENDIDX","M","2012-04",97.64476,
"EA19","CCI","AMPLITUD","LTRENDIDX","M","2012-05",97.57034,
"EA19","CCI","AMPLITUD","LTRENDIDX","M","2012-06",97.45684,
"EA19","CCI","AMPLITUD","LTRENDIDX","M","2012-07",97.22339,
"EA19","CCI","AMPLITUD","LTRENDIDX","M","2012-08",96.90388,
"EA19","CCI","AMPLITUD","LTRENDIDX","M","2012-09",96.59917,
"EA19","CCI","AMPLITUD","LTRENDIDX","M","2012-10",96.4527,
"EA19","CCI","AMPLITUD","LTRENDIDX","M","2012-11",96.39267,
"EA19","CCI","AMPLITUD","LTRENDIDX","M","2012-12",96.466,
"EA19","CCI","AMPLITUD","LTRENDIDX","M","2013-01",96.67958,
"EA19","CCI","AMPLITUD","LTRENDIDX","M","2013-02",96.86443,
"EA19","CCI","AMPLITUD","LTRENDIDX","M","2013-03",96.99346,
"EA19","CCI","AMPLITUD","LTRENDIDX","M","2013-04",97.12167,
"EA19","CCI","AMPLITUD","LTRENDIDX","M","2013-05",97.2571,
"EA19","CCI","AMPLITUD","LTRENDIDX","M","2013-06",97.45142,
"EA19","CCI","AMPLITUD","LTRENDIDX","M","2013-07",97.69572,
"EA19","CCI","AMPLITUD","LTRENDIDX","M","2013-08",98.00761,
"EA19","CCI","AMPLITUD","LTRENDIDX","M","2013-09",98.31177,
"EA19","CCI","AMPLITUD","LTRENDIDX","M","2013-10",98.50329,
"EA19","CCI","AMPLITUD","LTRENDIDX","M","2013-11",98.67478,
"EA19","CCI","AMPLITUD","LTRENDIDX","M","2013-12",98.89363,
"EA19","CCI","AMPLITUD","LTRENDIDX","M","2014-01",99.12425,
"EA19","CCI","AMPLITUD","LTRENDIDX","M","2014-02",99.35307,
"EA19","CCI","AMPLITUD","LTRENDIDX","M","2014-03",99.60797,
"EA19","CCI","AMPLITUD","LTRENDIDX","M","2014-04",99.8232,
"EA19","CCI","AMPLITUD","LTRENDIDX","M","2014-05",99.99086,
"EA19","CCI","AMPLITUD","LTRENDIDX","M","2014-06",100.0081,
"EA19","CCI","AMPLITUD","LTRENDIDX","M","2014-07",99.88467,
"EA19","CCI","AMPLITUD","LTRENDIDX","M","2014-08",99.69423,
"EA19","CCI","AMPLITUD","LTRENDIDX","M","2014-09",99.57291,
"EA19","CCI","AMPLITUD","LTRENDIDX","M","2014-10",99.5659,
"EA19","CCI","AMPLITUD","LTRENDIDX","M","2014-11",99.6237,
"EA19","CCI","AMPLITUD","LTRENDIDX","M","2014-12",99.82798,
"EA19","CCI","AMPLITUD","LTRENDIDX","M","2015-01",100.1462,
"EA19","CCI","AMPLITUD","LTRENDIDX","M","2015-02",100.5088,
"EA19","CCI","AMPLITUD","LTRENDIDX","M","2015-03",100.7718,
"EA19","CCI","AMPLITUD","LTRENDIDX","M","2015-04",100.855,
"EA19","CCI","AMPLITUD","LTRENDIDX","M","2015-05",100.7908,
"EA19","CCI","AMPLITUD","LTRENDIDX","M","2015-06",100.673,
"EA19","CCI","AMPLITUD","LTRENDIDX","M","2015-07",100.5954,
"EA19","CCI","AMPLITUD","LTRENDIDX","M","2015-08",100.6762,
"EA19","CCI","AMPLITUD","LTRENDIDX","M","2015-09",100.8229,
"EA19","CCI","AMPLITUD","LTRENDIDX","M","2015-10",100.9954,
"EA19","CCI","AMPLITUD","LTRENDIDX","M","2015-11",101.1528,
"EA19","CCI","AMPLITUD","LTRENDIDX","M","2015-12",101.2063,
"EA19","CCI","AMPLITUD","LTRENDIDX","M","2016-01",101.0491,
"EA19","CCI","AMPLITUD","LTRENDIDX","M","2016-02",100.753,
"EA19","CCI","AMPLITUD","LTRENDIDX","M","2016-03",100.5067,
"EA19","CCI","AMPLITUD","LTRENDIDX","M","2016-04",100.443,
"EA19","CCI","AMPLITUD","LTRENDIDX","M","2016-05",100.4791,
"EA19","CCI","AMPLITUD","LTRENDIDX","M","2016-06",100.5362,
"EA19","CCI","AMPLITUD","LTRENDIDX","M","2016-07",100.5662,
"EA19","CCI","AMPLITUD","LTRENDIDX","M","2016-08",100.6196,
"EA19","CCI","AMPLITUD","LTRENDIDX","M","2016-09",100.7216,
"EA19","CCI","AMPLITUD","LTRENDIDX","M","2016-10",100.8815,
"EA19","CCI","AMPLITUD","LTRENDIDX","M","2016-11",101.0213,
"EA19","CCI","AMPLITUD","LTRENDIDX","M","2016-12",101.0667,
"EA19","CCI","AMPLITUD","LTRENDIDX","M","2017-01",100.9941,
"EA19","CCI","AMPLITUD","LTRENDIDX","M","2017-02",100.8795,
"EA19","CCI","AMPLITUD","LTRENDIDX","M","2017-03",100.9083,
"EA19","CCI","AMPLITUD","LTRENDIDX","M","2017-04",101.0521,
"EA19","CCI","AMPLITUD","LTRENDIDX","M","2017-05",101.2595,
"EA19","CCI","AMPLITUD","LTRENDIDX","M","2017-06",101.4988,
"EA19","CCI","AMPLITUD","LTRENDIDX","M","2017-07",101.7076,
"EA19","CCI","AMPLITUD","LTRENDIDX","M","2017-08",101.8659,
"EA19","CCI","AMPLITUD","LTRENDIDX","M","2017-09",102.0062,
"EA19","CCI","AMPLITUD","LTRENDIDX","M","2017-10",102.1485,
"EA19","CCI","AMPLITUD","LTRENDIDX","M","2017-11",102.2544,
"EA19","CCI","AMPLITUD","LTRENDIDX","M","2017-12",102.3032,
"EA19","CCI","AMPLITUD","LTRENDIDX","M","2018-01",102.2485,
"EA19","CCI","AMPLITUD","LTRENDIDX","M","2018-02",102.1261,
"EA19","CCI","AMPLITUD","LTRENDIDX","M","2018-03",101.9829,
"EA19","CCI","AMPLITUD","LTRENDIDX","M","2018-04",101.875,
"EA19","CCI","AMPLITUD","LTRENDIDX","M","2018-05",101.7918,
"EA19","CCI","AMPLITUD","LTRENDIDX","M","2018-06",101.7638,
"EA19","CCI","AMPLITUD","LTRENDIDX","M","2018-07",101.7584,
"EA19","CCI","AMPLITUD","LTRENDIDX","M","2018-08",101.7079,
"EA19","CCI","AMPLITUD","LTRENDIDX","M","2018-09",101.6085,
"EA19","CCI","AMPLITUD","LTRENDIDX","M","2018-10",101.4772,
"EA19","CCI","AMPLITUD","LTRENDIDX","M","2018-11",101.2638,
"EA19","CCI","AMPLITUD","LTRENDIDX","M","2018-12",101.0447,
"EA19","CCI","AMPLITUD","LTRENDIDX","M","2019-01",100.9857,
"EA19","CCI","AMPLITUD","LTRENDIDX","M","2019-02",101.0305,
"EA19","CCI","AMPLITUD","LTRENDIDX","M","2019-03",101.0844,
"EA19","CCI","AMPLITUD","LTRENDIDX","M","2019-04",101.0945,
"EA19","CCI","AMPLITUD","LTRENDIDX","M","2019-05",101.1208,
"EA19","CCI","AMPLITUD","LTRENDIDX","M","2019-06",101.1073,
"EA19","CCI","AMPLITUD","LTRENDIDX","M","2019-07",101.1059,
"EA19","CCI","AMPLITUD","LTRENDIDX","M","2019-08",101.0711,
"EA19","CCI","AMPLITUD","LTRENDIDX","M","2019-09",101.0484,
"EA19","CCI","AMPLITUD","LTRENDIDX","M","2019-10",100.9913,
"EA19","CCI","AMPLITUD","LTRENDIDX","M","2019-11",100.9707,
"EA19","CCI","AMPLITUD","LTRENDIDX","M","2019-12",100.9197,
"EA19","CCI","AMPLITUD","LTRENDIDX","M","2020-01",100.7791,
"EA19","CCI","AMPLITUD","LTRENDIDX","M","2020-02",100.2675,
"EA19","CCI","AMPLITUD","LTRENDIDX","M","2020-03",99.08413,
"EA19","CCI","AMPLITUD","LTRENDIDX","M","2020-04",97.82665,
"EA19","CCI","AMPLITUD","LTRENDIDX","M","2020-05",97.61195,
"EA19","CCI","AMPLITUD","LTRENDIDX","M","2020-06",98.05165,
"EA19","CCI","AMPLITUD","LTRENDIDX","M","2020-07",98.43572,
"EA19","CCI","AMPLITUD","LTRENDIDX","M","2020-08",98.63683,
"EA19","CCI","AMPLITUD","LTRENDIDX","M","2020-09",98.63251,
"EA19","CCI","AMPLITUD","LTRENDIDX","M","2020-10",98.39777,
"EA19","CCI","AMPLITUD","LTRENDIDX","M","2020-11",98.22202,
"EA19","CCI","AMPLITUD","LTRENDIDX","M","2020-12",98.34992,
"EA19","CCI","AMPLITUD","LTRENDIDX","M","2021-01",98.5008,
"EA19","CCI","AMPLITUD","LTRENDIDX","M","2021-02",98.92842,
"EA19","CCI","AMPLITUD","LTRENDIDX","M","2021-03",99.7388,
"EA19","CCI","AMPLITUD","LTRENDIDX","M","2021-04",100.6501,
"EA19","CCI","AMPLITUD","LTRENDIDX","M","2021-05",101.4325,
"EA19","CCI","AMPLITUD","LTRENDIDX","M","2021-06",101.872,
"EA19","CCI","AMPLITUD","LTRENDIDX","M","2021-07",101.9259,
"EA19","CCI","AMPLITUD","LTRENDIDX","M","2021-08",101.8458,
"EA19","CCI","AMPLITUD","LTRENDIDX","M","2021-09",101.7798,
"EA19","CCI","AMPLITUD","LTRENDIDX","M","2021-10",101.5716,
"EA19","CCI","AMPLITUD","LTRENDIDX","M","2021-11",101.2324,
"EA19","CCI","AMPLITUD","LTRENDIDX","M","2021-12",100.868,
"EA19","CCI","AMPLITUD","LTRENDIDX","M","2022-01",100.4243,
"EA19","CCI","AMPLITUD","LTRENDIDX","M","2022-02",99.55122,
"EA19","CCI","AMPLITUD","LTRENDIDX","M","2022-03",98.0155,
